"Partners","Sex"
"001","F"
"001","F"
"005","F"
"002","F"
"002","F"
"000","F"
"004","F"
"030","F"
"003","F"
"005","F"
"001","F"
"002","F"
"002","F"
"001","F"
"001","F"
"001","F"
"001","F"
"001","F"
"001","F"
"003","F"
"005","F"
"004","F"
"001","F"
"006","F"
"012","F"
"001","F"
"001","F"
"008","F"
"003","F"
"001","F"
"001","F"
"003","F"
"003","F"
"006","F"
"005","F"
"012","F"
"003","F"
"002","F"
"001","F"
"003","F"
"008","F"
"001","F"
"001","F"
"003","F"
"001","F"
"001","F"
"001","F"
"002","F"
"002","F"
"010","F"
"002","F"
"001","F"
"001","F"
"001","F"
"002","F"
"001","F"
"004","F"
"002","F"
"003","F"
"000","F"
"001","F"
"002","F"
"000","F"
"001","F"
"004","F"
"025","F"
"002","F"
"001","F"
"000","F"
"001","F"
"002","F"
"001","F"
"002","F"
"000","F"
"003","F"
"001","F"
"007","F"
"001","F"
"001","F"
"000","F"
"005","F"
"003","F"
"001","F"
"000","F"
"020","F"
"006","F"
"005","F"
"002","F"
"010","F"
"000","F"
"002","F"
"003","F"
"004","F"
"001","F"
"001","F"
"001","F"
"001","F"
"005","F"
"100","F"
"001","F"
"000","F"
"001","F"
"001","F"
"001","F"
"012","F"
"001","F"
"001","F"
"015","F"
"000","F"
"002","F"
"001","F"
"001","F"
"004","F"
"015","F"
"001","F"
"002","F"
"001","F"
"001","F"
"004","F"
"001","F"
"001","F"
"001","F"
"001","F"
"000","F"
"002","F"
"001","F"
"001","F"
"000","F"
"001","F"
"001","F"
"001","F"
"002","F"
"001","F"
"001","F"
"012","F"
"002","F"
"002","F"
"001","F"
"006","F"
"007","F"
"001","F"
"003","F"
"000","F"
"005","F"
"015","F"
"006","F"
"045","F"
"002","F"
"001","F"
"002","F"
"002","F"
"010","F"
"001","F"
"003","F"
"002","F"
"005","F"
"001","F"
"001","F"
"004","F"
"002","F"
"002","F"
"000","F"
"001","F"
"007","F"
"006","F"
"030","F"
"002","F"
"001","F"
"000","F"
"001","F"
"000","F"
"000","F"
"001","F"
"000","F"
"003","F"
"020","F"
"001","F"
"001","F"
"001","F"
"001","F"
"003","F"
"001","F"
"000","F"
"001","F"
"001","F"
"001","F"
"000","F"
"006","F"
"001","F"
"003","F"
"005","F"
"000","F"
"020","F"
"001","F"
"003","F"
"001","F"
"001","F"
"015","F"
"001","F"
"012","F"
"001","F"
"000","F"
"005","F"
"001","F"
"001","F"
"001","F"
"002","F"
"005","F"
"002","F"
"010","F"
"002","F"
"002","F"
"003","F"
"001","F"
"001","F"
"001","F"
"001","F"
"001","F"
"001","F"
"003","F"
"000","F"
"001","F"
"001","F"
"001","F"
"003","F"
"001","F"
"003","F"
"001","F"
"001","F"
"001","F"
"003","F"
"001","F"
"001","F"
"001","F"
"005","F"
"000","F"
"004","F"
"001","F"
"002","F"
"003","F"
"008","F"
"001","F"
"001","F"
"003","F"
"001","F"
"001","F"
"001","F"
"002","F"
"001","F"
"004","F"
"020","F"
"001","F"
"001","F"
"001","F"
"030","F"
"000","F"
"003","F"
"006","F"
"005","F"
"002","F"
"003","F"
"003","F"
"001","F"
"020","F"
"003","F"
"001","F"
"002","F"
"001","F"
"015","F"
"001","F"
"001","F"
"008","F"
"001","F"
"001","F"
"001","F"
"002","F"
"001","F"
"004","F"
"001","F"
"004","F"
"010","F"
"003","F"
"004","F"
"000","F"
"001","F"
"001","F"
"004","F"
"001","F"
"002","F"
"002","F"
"001","F"
"001","F"
"001","F"
"002","F"
"045","F"
"000","F"
"000","F"
"001","F"
"003","F"
"025","F"
"001","F"
"001","F"
"000","F"
"004","F"
"001","F"
"004","F"
"002","F"
"000","F"
"003","F"
"001","F"
"001","F"
"001","F"
"007","F"
"001","F"
"006","F"
"004","F"
"001","F"
"003","F"
"001","F"
"010","F"
"004","F"
"003","F"
"001","F"
"002","F"
"010","F"
"003","F"
"001","F"
"004","F"
"005","F"
"001","F"
"004","F"
"000","F"
"005","F"
"002","F"
"001","F"
"001","F"
"003","F"
"000","F"
"001","F"
"007","F"
"000","F"
"001","F"
"001","F"
"001","F"
"003","F"
"004","F"
"005","F"
"004","F"
"008","F"
"000","F"
"001","F"
"001","F"
"000","F"
"001","F"
"001","F"
"002","F"
"001","F"
"001","F"
"020","F"
"010","F"
"010","F"
"002","F"
"001","F"
"001","F"
"035","F"
"002","F"
"004","F"
"001","F"
"002","F"
"010","F"
"001","F"
"001","F"
"001","F"
"002","F"
"004","F"
"002","F"
"002","F"
"001","F"
"001","F"
"003","F"
"003","F"
"000","F"
"002","F"
"001","F"
"020","F"
"001","F"
"001","F"
"040","F"
"001","F"
"002","F"
"015","F"
"001","F"
"001","F"
"000","F"
"001","F"
"001","F"
"002","F"
"000","F"
"005","F"
"001","F"
"002","F"
"001","F"
"001","F"
"001","F"
"030","F"
"001","F"
"006","F"
"015","F"
"001","F"
"003","F"
"004","F"
"002","F"
"004","F"
"004","F"
"001","F"
"010","F"
"002","F"
"006","F"
"001","F"
"012","F"
"010","F"
"005","F"
"004","F"
"003","F"
"003","F"
"000","F"
"003","F"
"000","F"
"008","F"
"006","F"
"005","F"
"002","F"
"001","F"
"001","F"
"002","F"
"020","F"
"002","F"
"001","F"
"002","F"
"000","F"
"005","F"
"000","F"
"007","F"
"000","F"
"000","F"
"001","F"
"000","F"
"004","F"
"001","F"
"001","F"
"002","F"
"002","F"
"030","F"
"002","F"
"000","F"
"006","F"
"020","F"
"003","F"
"004","F"
"010","F"
"001","F"
"001","F"
"003","F"
"001","F"
"020","F"
"004","F"
"020","F"
"001","F"
"001","F"
"010","F"
"001","F"
"001","F"
"000","F"
"001","F"
"003","F"
"002","F"
"005","F"
"003","F"
"010","F"
"002","F"
"003","F"
"002","F"
"003","F"
"001","F"
"010","F"
"000","F"
"001","F"
"003","F"
"001","F"
"001","F"
"001","F"
"004","F"
"001","F"
"002","F"
"001","F"
"000","F"
"003","F"
"003","F"
"001","F"
"000","F"
"001","F"
"001","F"
"001","F"
"001","F"
"001","F"
"000","F"
"001","F"
"002","F"
"000","F"
"002","F"
"001","F"
"003","F"
"001","F"
"001","F"
"001","F"
"003","F"
"005","F"
"005","F"
"001","F"
"001","F"
"001","F"
"001","F"
"001","F"
"000","F"
"001","F"
"001","F"
"004","F"
"001","F"
"003","F"
"001","F"
"001","F"
"000","F"
"002","F"
"003","F"
"002","F"
"010","F"
"009","F"
"001","F"
"005","F"
"001","F"
"001","F"
"006","F"
"002","F"
"001","F"
"006","F"
"002","F"
"000","F"
"001","F"
"002","F"
"005","F"
"001","F"
"001","F"
"002","F"
"001","F"
"010","F"
"010","F"
"000","F"
"001","F"
"001","F"
"001","F"
"001","F"
"001","F"
"002","F"
"002","F"
"001","F"
"008","F"
"004","F"
"002","F"
"001","F"
"004","F"
"001","F"
"001","F"
"020","F"
"000","F"
"001","F"
"000","F"
"001","F"
"003","F"
"001","F"
"001","F"
"001","F"
"004","F"
"001","F"
"004","F"
"001","F"
"003","F"
"004","F"
"005","F"
"009","F"
"000","F"
"005","F"
"003","F"
"007","F"
"001","F"
"002","F"
"001","F"
"001","F"
"000","F"
"004","F"
"007","F"
"000","F"
"003","F"
"001","F"
"004","F"
"000","F"
"001","F"
"010","F"
"016","F"
"004","F"
"001","F"
"001","F"
"000","F"
"001","F"
"001","F"
"002","F"
"001","F"
"008","F"
"008","F"
"000","F"
"002","F"
"003","F"
"002","F"
"001","F"
"001","F"
"008","F"
"001","F"
"002","F"
"002","F"
"001","F"
"001","F"
"001","F"
"002","F"
"001","F"
"007","F"
"001","F"
"002","F"
"035","F"
"005","F"
"050","F"
"002","F"
"000","F"
"004","F"
"001","F"
"002","F"
"002","F"
"006","F"
"003","F"
"000","F"
"001","F"
"002","F"
"001","F"
"000","F"
"008","F"
"001","F"
"003","F"
"002","F"
"000","F"
"000","F"
"005","F"
"001","F"
"007","F"
"001","F"
"006","F"
"001","F"
"001","F"
"001","F"
"000","F"
"001","F"
"002","F"
"005","F"
"001","F"
"002","F"
"002","F"
"003","F"
"010","F"
"001","F"
"001","F"
"001","F"
"002","F"
"010","F"
"000","F"
"001","F"
"001","F"
"003","F"
"001","F"
"001","F"
"003","F"
"002","F"
"001","F"
"001","F"
"005","F"
"001","F"
"004","F"
"001","F"
"000","F"
"000","F"
"003","F"
"004","F"
"003","F"
"000","F"
"001","F"
"005","F"
"001","F"
"006","F"
"001","F"
"000","F"
"005","F"
"007","F"
"001","F"
"004","F"
"001","F"
"001","F"
"005","F"
"001","F"
"001","F"
"001","F"
"001","F"
"000","F"
"002","F"
"003","F"
"008","F"
"003","F"
"002","F"
"004","F"
"010","F"
"020","F"
"001","F"
"001","F"
"003","F"
"001","F"
"001","F"
"001","F"
"001","F"
"001","F"
"001","F"
"000","F"
"020","F"
"002","F"
"001","F"
"000","F"
"001","F"
"001","F"
"010","F"
"000","F"
"001","F"
"004","F"
"004","F"
"001","F"
"002","F"
"001","F"
"002","F"
"003","F"
"055","F"
"000","F"
"001","F"
"001","F"
"003","F"
"003","F"
"001","F"
"003","F"
"001","F"
"001","F"
"001","F"
"001","F"
"006","F"
"002","F"
"001","F"
"001","F"
"008","F"
"004","F"
"000","F"
"001","F"
"001","F"
"002","F"
"001","F"
"006","F"
"002","F"
"001","F"
"003","F"
"000","F"
"001","F"
"001","F"
"005","F"
"001","F"
"000","F"
"007","F"
"001","F"
"001","F"
"001","F"
"001","F"
"004","F"
"001","F"
"045","F"
"001","F"
"001","F"
"003","F"
"002","F"
"015","F"
"010","F"
"001","F"
"001","F"
"001","F"
"001","F"
"002","F"
"002","F"
"003","F"
"001","F"
"002","F"
"001","F"
"002","F"
"001","F"
"000","F"
"001","F"
"001","F"
"002","F"
"001","F"
"001","F"
"002","F"
"001","F"
"001","F"
"002","F"
"001","F"
"003","F"
"005","F"
"001","F"
"002","F"
"004","F"
"008","F"
"002","F"
"002","F"
"001","F"
"010","F"
"012","F"
"001","F"
"000","F"
"001","F"
"004","F"
"000","F"
"000","F"
"002","F"
"001","F"
"002","F"
"002","F"
"001","F"
"002","F"
"001","F"
"001","F"
"003","F"
"030","F"
"003","F"
"000","F"
"001","F"
"002","F"
"005","F"
"002","F"
"001","F"
"001","F"
"005","F"
"002","F"
"009","F"
"000","F"
"001","F"
"004","F"
"003","F"
"020","F"
"001","F"
"006","F"
"005","F"
"001","F"
"001","F"
"001","F"
"001","F"
"001","F"
"001","F"
"015","F"
"001","F"
"004","F"
"007","F"
"004","F"
"002","F"
"001","F"
"001","F"
"001","F"
"003","F"
"001","F"
"001","F"
"001","F"
"000","F"
"000","F"
"006","F"
"001","F"
"001","F"
"001","F"
"001","F"
"002","F"
"001","F"
"001","F"
"001","F"
"000","F"
"002","F"
"001","F"
"003","F"
"001","F"
"001","F"
"001","F"
"003","F"
"001","F"
"000","F"
"001","F"
"001","F"
"001","F"
"002","F"
"001","F"
"005","F"
"004","F"
"004","F"
"006","F"
"003","F"
"002","F"
"015","F"
"003","F"
"000","F"
"003","F"
"000","F"
"000","F"
"002","F"
"002","F"
"006","F"
"004","F"
"001","F"
"000","F"
"006","F"
"010","F"
"003","F"
"004","F"
"001","F"
"001","F"
"001","F"
"000","F"
"000","F"
"001","F"
"003","F"
"002","F"
"001","F"
"012","F"
"001","F"
"001","F"
"005","F"
"001","F"
"006","F"
"003","F"
"001","F"
"003","F"
"003","F"
"001","F"
"001","F"
"015","F"
"001","F"
"001","F"
"003","F"
"001","F"
"010","F"
"003","F"
"030","F"
"001","F"
"001","F"
"006","F"
"001","F"
"001","F"
"001","F"
"001","F"
"002","F"
"001","F"
"001","F"
"003","F"
"002","F"
"001","F"
"006","F"
"002","F"
"004","F"
"003","F"
"002","F"
"004","F"
"001","F"
"003","F"
"001","F"
"001","F"
"001","F"
"001","F"
"001","F"
"003","F"
"003","F"
"002","F"
"030","F"
"001","F"
"001","F"
"001","F"
"001","F"
"001","F"
"001","F"
"001","F"
"001","F"
"003","F"
"000","F"
"004","F"
"035","F"
"001","F"
"007","F"
"001","F"
"001","F"
"003","F"
"005","F"
"005","F"
"005","F"
"025","F"
"012","F"
"001","F"
"000","F"
"006","F"
"003","F"
"001","F"
"006","F"
"001","F"
"001","F"
"000","F"
"001","F"
"001","F"
"000","F"
"003","F"
"001","F"
"002","F"
"004","F"
"001","F"
"001","F"
"003","F"
"003","F"
"001","F"
"015","F"
"000","F"
"003","F"
"002","F"
"010","F"
"001","F"
"010","F"
"003","F"
"007","F"
"001","F"
"001","F"
"000","F"
"003","F"
"002","F"
"002","F"
"002","F"
"001","F"
"000","F"
"002","F"
"003","F"
"003","F"
"001","F"
"002","F"
"005","F"
"010","F"
"003","F"
"001","F"
"003","F"
"001","F"
"003","F"
"004","F"
"006","F"
"001","F"
"000","F"
"004","F"
"001","F"
"001","F"
"002","F"
"015","F"
"001","F"
"001","F"
"002","F"
"001","F"
"005","F"
"006","F"
"001","F"
"001","F"
"001","F"
"000","F"
"001","F"
"002","F"
"001","F"
"002","F"
"003","F"
"002","F"
"006","F"
"001","F"
"006","F"
"001","F"
"008","F"
"001","F"
"003","F"
"004","F"
"000","F"
"001","F"
"001","F"
"003","F"
"001","F"
"001","F"
"001","F"
"001","F"
"001","F"
"005","F"
"001","F"
"000","F"
"003","F"
"000","F"
"000","F"
"001","F"
"002","F"
"001","F"
"002","F"
"023","F"
"003","F"
"001","F"
"001","F"
"001","F"
"002","F"
"005","F"
"001","F"
"010","F"
"000","F"
"001","F"
"002","F"
"001","F"
"002","F"
"001","F"
"015","F"
"016","F"
"000","F"
"001","F"
"001","F"
"001","F"
"001","F"
"001","F"
"001","F"
"000","F"
"002","F"
"001","F"
"000","F"
"001","F"
"001","F"
"001","F"
"002","F"
"003","F"
"001","F"
"001","F"
"001","F"
"001","F"
"001","F"
"001","F"
"001","F"
"001","F"
"001","F"
"005","F"
"001","F"
"003","F"
"003","F"
"010","F"
"003","F"
"001","F"
"003","F"
"003","F"
"001","F"
"002","F"
"001","F"
"001","F"
"001","F"
"001","F"
"000","F"
"000","F"
"003","F"
"000","F"
"020","F"
"020","F"
"015","F"
"001","F"
"005","F"
"001","F"
"015","F"
"003","F"
"002","F"
"000","F"
"003","F"
"001","F"
"001","F"
"004","F"
"000","F"
"001","F"
"001","F"
"001","F"
"100","F"
"001","F"
"001","F"
"001","F"
"005","F"
"001","F"
"002","F"
"000","F"
"030","F"
"001","F"
"000","F"
"001","F"
"001","F"
"002","F"
"012","F"
"003","F"
"003","F"
"001","F"
"000","F"
"001","F"
"000","F"
"001","F"
"002","F"
"002","F"
"000","F"
"003","F"
"001","F"
"001","F"
"003","F"
"010","F"
"015","F"
"000","F"
"005","F"
"001","F"
"001","F"
"004","F"
"001","F"
"001","F"
"001","F"
"012","F"
"001","F"
"003","F"
"001","F"
"015","F"
"001","F"
"002","F"
"001","F"
"000","F"
"001","F"
"000","F"
"001","F"
"001","F"
"001","F"
"001","F"
"006","F"
"001","F"
"001","F"
"001","F"
"002","F"
"001","F"
"002","F"
"001","F"
"003","F"
"006","F"
"001","F"
"001","F"
"002","F"
"004","F"
"003","F"
"001","F"
"006","F"
"001","F"
"007","F"
"006","F"
"002","F"
"020","F"
"001","F"
"007","F"
"003","F"
"000","F"
"001","F"
"002","F"
"001","F"
"001","F"
"005","F"
"001","F"
"025","F"
"002","F"
"001","F"
"000","F"
"004","F"
"003","F"
"010","F"
"005","F"
"001","F"
"001","F"
"001","F"
"008","F"
"010","F"
"000","F"
"000","F"
"000","F"
"002","F"
"001","F"
"000","F"
"002","F"
"001","F"
"001","F"
"005","F"
"001","F"
"001","F"
"001","F"
"001","F"
"005","F"
"010","F"
"001","F"
"002","F"
"001","F"
"002","F"
"001","F"
"001","F"
"001","F"
"001","F"
"003","F"
"000","F"
"004","F"
"001","F"
"001","F"
"002","F"
"002","F"
"001","F"
"002","F"
"001","F"
"001","F"
"005","F"
"002","F"
"001","F"
"001","F"
"001","F"
"001","F"
"005","F"
"001","F"
"003","F"
"000","F"
"000","F"
"000","F"
"008","F"
"000","F"
"002","F"
"001","F"
"002","F"
"003","F"
"004","F"
"002","F"
"002","F"
"002","F"
"005","F"
"001","F"
"003","F"
"008","F"
"015","F"
"001","F"
"005","F"
"003","F"
"000","F"
"001","F"
"001","F"
"003","F"
"006","F"
"001","F"
"002","F"
"003","F"
"003","F"
"001","F"
"001","F"
"001","F"
"004","F"
"001","F"
"010","F"
"002","F"
"005","F"
"001","F"
"002","F"
"002","F"
"002","F"
"003","F"
"002","F"
"001","F"
"002","F"
"003","F"
"001","F"
"002","F"
"001","F"
"001","F"
"008","F"
"001","F"
"000","F"
"001","F"
"000","F"
"003","F"
"001","F"
"001","F"
"007","F"
"001","F"
"002","F"
"035","F"
"005","F"
"002","F"
"001","F"
"004","F"
"006","F"
"001","F"
"006","F"
"001","F"
"001","F"
"002","F"
"001","F"
"000","F"
"015","F"
"007","F"
"002","F"
"004","F"
"000","F"
"003","F"
"008","F"
"001","F"
"001","F"
"003","F"
"003","F"
"004","F"
"001","F"
"003","F"
"003","F"
"001","F"
"001","F"
"001","F"
"002","F"
"003","F"
"012","F"
"001","F"
"001","F"
"001","F"
"001","F"
"002","F"
"001","F"
"002","F"
"002","F"
"004","F"
"003","F"
"001","F"
"001","F"
"001","F"
"004","F"
"025","F"
"001","F"
"003","F"
"002","F"
"007","F"
"001","F"
"001","F"
"001","F"
"001","F"
"002","F"
"002","F"
"002","F"
"002","F"
"001","F"
"010","F"
"001","F"
"001","F"
"003","F"
"001","F"
"007","F"
"001","F"
"002","F"
"007","F"
"001","F"
"008","F"
"000","F"
"001","F"
"001","F"
"000","F"
"003","F"
"001","F"
"006","F"
"003","F"
"003","F"
"001","F"
"001","F"
"003","F"
"001","F"
"001","F"
"003","F"
"002","F"
"015","F"
"002","F"
"001","F"
"001","F"
"006","F"
"004","F"
"001","F"
"001","F"
"001","F"
"001","F"
"001","F"
"001","F"
"001","F"
"005","F"
"006","F"
"015","F"
"003","F"
"020","F"
"001","F"
"001","F"
"003","F"
"004","F"
"003","F"
"004","F"
"002","F"
"001","F"
"001","F"
"002","F"
"001","F"
"002","F"
"000","F"
"002","F"
"001","F"
"001","F"
"003","F"
"001","F"
"001","F"
"005","F"
"001","F"
"002","F"
"003","F"
"001","F"
"000","F"
"002","F"
"002","F"
"007","F"
"001","F"
"001","F"
"040","F"
"000","F"
"002","F"
"002","F"
"004","F"
"002","F"
"001","F"
"004","F"
"003","F"
"000","F"
"006","F"
"001","F"
"002","F"
"001","F"
"003","F"
"004","F"
"020","F"
"004","F"
"002","F"
"002","F"
"010","F"
"001","F"
"012","F"
"002","F"
"002","F"
"001","F"
"001","F"
"001","F"
"008","F"
"003","F"
"001","F"
"001","F"
"006","F"
"002","F"
"001","F"
"001","F"
"001","F"
"000","F"
"001","F"
"001","F"
"002","F"
"001","F"
"003","F"
"005","F"
"015","F"
"001","F"
"003","F"
"001","F"
"001","F"
"000","F"
"001","F"
"001","F"
"005","F"
"003","F"
"001","F"
"001","F"
"004","F"
"001","F"
"000","F"
"007","F"
"003","F"
"001","F"
"000","F"
"000","F"
"001","F"
"001","F"
"020","F"
"020","F"
"003","F"
"001","F"
"001","F"
"002","F"
"015","F"
"004","F"
"008","F"
"001","F"
"012","F"
"000","F"
"003","F"
"019","F"
"004","F"
"001","F"
"001","F"
"003","F"
"002","F"
"002","F"
"001","F"
"003","F"
"001","F"
"006","F"
"001","F"
"005","F"
"001","F"
"002","F"
"015","F"
"012","F"
"000","F"
"005","F"
"000","F"
"005","F"
"002","F"
"001","F"
"001","F"
"001","F"
"003","F"
"001","F"
"001","F"
"002","F"
"003","F"
"000","F"
"001","F"
"003","F"
"001","F"
"001","F"
"005","F"
"015","F"
"000","F"
"000","F"
"001","F"
"001","F"
"001","F"
"001","F"
"003","F"
"005","F"
"001","F"
"001","F"
"001","F"
"001","F"
"023","F"
"005","F"
"001","F"
"001","F"
"003","F"
"004","F"
"003","F"
"002","F"
"001","F"
"001","F"
"000","F"
"001","F"
"004","F"
"001","F"
"001","F"
"001","F"
"003","F"
"001","F"
"001","F"
"005","F"
"004","F"
"002","F"
"001","F"
"009","F"
"002","F"
"001","F"
"001","F"
"003","F"
"001","F"
"002","F"
"003","F"
"001","F"
"001","F"
"002","F"
"002","F"
"001","F"
"005","F"
"002","F"
"001","F"
"004","F"
"008","F"
"001","F"
"000","F"
"001","F"
"005","F"
"001","F"
"002","F"
"006","F"
"010","F"
"010","F"
"001","F"
"015","F"
"004","F"
"001","F"
"000","F"
"001","F"
"003","F"
"001","F"
"003","F"
"004","F"
"005","F"
"001","F"
"008","F"
"001","F"
"001","F"
"002","F"
"000","F"
"003","F"
"020","F"
"001","F"
"005","F"
"001","F"
"005","F"
"002","F"
"003","F"
"000","F"
"001","F"
"001","F"
"000","F"
"000","F"
"006","F"
"001","F"
"003","F"
"001","F"
"001","F"
"002","F"
"001","F"
"001","F"
"001","F"
"002","F"
"002","F"
"001","F"
"012","F"
"000","F"
"000","F"
"003","F"
"000","F"
"002","F"
"003","F"
"001","F"
"001","F"
"001","F"
"001","F"
"001","F"
"011","F"
"002","F"
"005","F"
"002","F"
"003","F"
"003","F"
"000","F"
"001","F"
"002","F"
"000","F"
"001","F"
"006","F"
"004","F"
"001","F"
"010","F"
"010","F"
"001","F"
"003","F"
"001","F"
"000","F"
"001","F"
"002","F"
"003","F"
"002","F"
"005","F"
"001","F"
"001","F"
"002","F"
"000","F"
"004","F"
"001","F"
"001","F"
"003","F"
"006","F"
"001","F"
"004","F"
"001","F"
"000","F"
"000","F"
"001","F"
"001","F"
"011","F"
"002","F"
"005","F"
"007","F"
"003","F"
"001","F"
"003","F"
"020","F"
"011","F"
"001","F"
"000","F"
"002","F"
"003","F"
"002","F"
"004","F"
"015","F"
"001","F"
"003","F"
"000","F"
"001","F"
"002","F"
"001","F"
"001","F"
"001","F"
"000","F"
"001","F"
"001","F"
"001","F"
"001","F"
"000","F"
"000","F"
"002","F"
"006","F"
"000","F"
"003","F"
"004","F"
"008","F"
"001","M"
"003","M"
"006","M"
"006","M"
"047","M"
"001","M"
"175","M"
"000","M"
"010","M"
"002","M"
"050","M"
"002","M"
"001","M"
"001","M"
"001","M"
"001","M"
"005","M"
"001","M"
"005","M"
"004","M"
"001","M"
"002","M"
"003","M"
"003","M"
"020","M"
"001","M"
"010","M"
"010","M"
"010","M"
"004","M"
"001","M"
"000","M"
"010","M"
"002","M"
"003","M"
"006","M"
"000","M"
"002","M"
"012","M"
"004","M"
"012","M"
"010","M"
"000","M"
"020","M"
"003","M"
"000","M"
"010","M"
"010","M"
"002","M"
"001","M"
"004","M"
"040","M"
"002","M"
"012","M"
"005","M"
"003","M"
"005","M"
"015","M"
"002","M"
"030","M"
"013","M"
"018","M"
"030","M"
"005","M"
"002","M"
"004","M"
"005","M"
"001","M"
"002","M"
"020","M"
"004","M"
"005","M"
"010","M"
"150","M"
"010","M"
"000","M"
"101","M"
"008","M"
"007","M"
"004","M"
"100","M"
"006","M"
"006","M"
"003","M"
"006","M"
"001","M"
"001","M"
"010","M"
"001","M"
"015","M"
"001","M"
"001","M"
"001","M"
"010","M"
"001","M"
"030","M"
"001","M"
"004","M"
"004","M"
"003","M"
"001","M"
"007","M"
"004","M"
"004","M"
"001","M"
"002","M"
"005","M"
"001","M"
"005","M"
"006","M"
"000","M"
"003","M"
"002","M"
"002","M"
"001","M"
"002","M"
"002","M"
"001","M"
"030","M"
"006","M"
"005","M"
"015","M"
"028","M"
"003","M"
"001","M"
"004","M"
"010","M"
"005","M"
"020","M"
"008","M"
"005","M"
"000","M"
"001","M"
"002","M"
"010","M"
"003","M"
"008","M"
"006","M"
"012","M"
"030","M"
"000","M"
"004","M"
"005","M"
"015","M"
"001","M"
"000","M"
"010","M"
"003","M"
"004","M"
"100","M"
"001","M"
"001","M"
"030","M"
"015","M"
"000","M"
"000","M"
"004","M"
"005","M"
"050","M"
"001","M"
"020","M"
"002","M"
"050","M"
"000","M"
"020","M"
"001","M"
"003","M"
"000","M"
"006","M"
"000","M"
"050","M"
"000","M"
"002","M"
"001","M"
"020","M"
"020","M"
"004","M"
"003","M"
"000","M"
"000","M"
"002","M"
"040","M"
"001","M"
"010","M"
"002","M"
"004","M"
"001","M"
"001","M"
"004","M"
"045","M"
"040","M"
"002","M"
"050","M"
"015","M"
"025","M"
"000","M"
"004","M"
"000","M"
"006","M"
"000","M"
"020","M"
"009","M"
"002","M"
"200","M"
"012","M"
"020","M"
"001","M"
"001","M"
"040","M"
"006","M"
"002","M"
"040","M"
"001","M"
"125","M"
"000","M"
"006","M"
"000","M"
"002","M"
"008","M"
"004","M"
"007","M"
"001","M"
"003","M"
"004","M"
"000","M"
"005","M"
"006","M"
"002","M"
"001","M"
"000","M"
"003","M"
"002","M"
"012","M"
"008","M"
"003","M"
"002","M"
"002","M"
"005","M"
"001","M"
"000","M"
"010","M"
"005","M"
"001","M"
"004","M"
"020","M"
"002","M"
"001","M"
"000","M"
"003","M"
"000","M"
"002","M"
"020","M"
"030","M"
"004","M"
"004","M"
"002","M"
"150","M"
"000","M"
"040","M"
"001","M"
"101","M"
"001","M"
"000","M"
"000","M"
"006","M"
"006","M"
"010","M"
"002","M"
"000","M"
"000","M"
"006","M"
"004","M"
"003","M"
"001","M"
"004","M"
"000","M"
"001","M"
"010","M"
"030","M"
"002","M"
"010","M"
"006","M"
"004","M"
"000","M"
"001","M"
"050","M"
"001","M"
"009","M"
"004","M"
"050","M"
"000","M"
"008","M"
"002","M"
"005","M"
"002","M"
"015","M"
"004","M"
"050","M"
"005","M"
"001","M"
"002","M"
"002","M"
"003","M"
"002","M"
"004","M"
"015","M"
"010","M"
"030","M"
"010","M"
"001","M"
"015","M"
"001","M"
"002","M"
"003","M"
"001","M"
"003","M"
"001","M"
"005","M"
"002","M"
"006","M"
"050","M"
"003","M"
"002","M"
"003","M"
"002","M"
"006","M"
"005","M"
"004","M"
"007","M"
"000","M"
"003","M"
"000","M"
"002","M"
"020","M"
"001","M"
"009","M"
"010","M"
"001","M"
"001","M"
"003","M"
"001","M"
"001","M"
"002","M"
"001","M"
"000","M"
"020","M"
"075","M"
"005","M"
"010","M"
"001","M"
"002","M"
"002","M"
"001","M"
"002","M"
"004","M"
"001","M"
"090","M"
"004","M"
"005","M"
"012","M"
"012","M"
"006","M"
"030","M"
"020","M"
"005","M"
"015","M"
"010","M"
"002","M"
"005","M"
"005","M"
"005","M"
"001","M"
"012","M"
"024","M"
"001","M"
"050","M"
"008","M"
"030","M"
"015","M"
"020","M"
"015","M"
"004","M"
"000","M"
"004","M"
"001","M"
"006","M"
"001","M"
"002","M"
"004","M"
"030","M"
"050","M"
"001","M"
"200","M"
"010","M"
"001","M"
"000","M"
"005","M"
"006","M"
"002","M"
"001","M"
"004","M"
"002","M"
"006","M"
"003","M"
"005","M"
"001","M"
"020","M"
"000","M"
"006","M"
"004","M"
"008","M"
"004","M"
"010","M"
"001","M"
"001","M"
"000","M"
"003","M"
"020","M"
"004","M"
"000","M"
"000","M"
"003","M"
"020","M"
"011","M"
"001","M"
"000","M"
"020","M"
"001","M"
"001","M"
"001","M"
"020","M"
"004","M"
"003","M"
"100","M"
"020","M"
"002","M"
"000","M"
"000","M"
"001","M"
"006","M"
"000","M"
"001","M"
"001","M"
"002","M"
"015","M"
"025","M"
"003","M"
"004","M"
"002","M"
"000","M"
"001","M"
"003","M"
"002","M"
"001","M"
"001","M"
"007","M"
"001","M"
"015","M"
"000","M"
"006","M"
"001","M"
"001","M"
"004","M"
"001","M"
"200","M"
"012","M"
"001","M"
"030","M"
"012","M"
"002","M"
"020","M"
"003","M"
"001","M"
"002","M"
"003","M"
"000","M"
"020","M"
"001","M"
"008","M"
"020","M"
"024","M"
"000","M"
"018","M"
"018","M"
"004","M"
"253","M"
"007","M"
"005","M"
"002","M"
"005","M"
"027","M"
"020","M"
"020","M"
"010","M"
"001","M"
"035","M"
"011","M"
"020","M"
"000","M"
"010","M"
"005","M"
"005","M"
"000","M"
"008","M"
"020","M"
"000","M"
"010","M"
"040","M"
"001","M"
"020","M"
"040","M"
"020","M"
"001","M"
"002","M"
"001","M"
"001","M"
"003","M"
"002","M"
"002","M"
"035","M"
"100","M"
"022","M"
"040","M"
"006","M"
"001","M"
"002","M"
"020","M"
"030","M"
"004","M"
"001","M"
"025","M"
"010","M"
"003","M"
"030","M"
"003","M"
"003","M"
"006","M"
"004","M"
"020","M"
"000","M"
"000","M"
"001","M"
"005","M"
"020","M"
"001","M"
"001","M"
"002","M"
"001","M"
"001","M"
"001","M"
"002","M"
"003","M"
"001","M"
"010","M"
"001","M"
"000","M"
"001","M"
"003","M"
"008","M"
"006","M"
"010","M"
"008","M"
"001","M"
"001","M"
"020","M"
"002","M"
"000","M"
"001","M"
"100","M"
"006","M"
"001","M"
"020","M"
"002","M"
"001","M"
"000","M"
"001","M"
"001","M"
"003","M"
"000","M"
"003","M"
"008","M"
"000","M"
"001","M"
"000","M"
"001","M"
"023","M"
"001","M"
"009","M"
"005","M"
"005","M"
"000","M"
"003","M"
"007","M"
"001","M"
"001","M"
"007","M"
"001","M"
"000","M"
"022","M"
"125","M"
"020","M"
"003","M"
"000","M"
"001","M"
"000","M"
"010","M"
"020","M"
"010","M"
"001","M"
"000","M"
"000","M"
"030","M"
"001","M"
"007","M"
"002","M"
"003","M"
"020","M"
"100","M"
"050","M"
"000","M"
"000","M"
"020","M"
"007","M"
"002","M"
"004","M"
"004","M"
"005","M"
"005","M"
"003","M"
"001","M"
"001","M"
"020","M"
"005","M"
"001","M"
"000","M"
"001","M"
"002","M"
"001","M"
"007","M"
"040","M"
"000","M"
"002","M"
"010","M"
"010","M"
"003","M"
"001","M"
"002","M"
"000","M"
"020","M"
"000","M"
"003","M"
"002","M"
"025","M"
"010","M"
"020","M"
"050","M"
"003","M"
"020","M"
"015","M"
"100","M"
"000","M"
"020","M"
"010","M"
"001","M"
"004","M"
"010","M"
"006","M"
"100","M"
"000","M"
"006","M"
"003","M"
"020","M"
"004","M"
"004","M"
"030","M"
"002","M"
"002","M"
"000","M"
"010","M"
"027","M"
"010","M"
"030","M"
"001","M"
"050","M"
"004","M"
"010","M"
"010","M"
"015","M"
"000","M"
"001","M"
"006","M"
"050","M"
"012","M"
"002","M"
"002","M"
"012","M"
"050","M"
"000","M"
"006","M"
"050","M"
"020","M"
"030","M"
"002","M"
"002","M"
"005","M"
"025","M"
"003","M"
"001","M"
"004","M"
"025","M"
"000","M"
"001","M"
"010","M"
"000","M"
"006","M"
"030","M"
"025","M"
"001","M"
"100","M"
"004","M"
"000","M"
"005","M"
"000","M"
"004","M"
"003","M"
"030","M"
"020","M"
"040","M"
"005","M"
"006","M"
"001","M"
"001","M"
"015","M"
"002","M"
"050","M"
"015","M"
"020","M"
"004","M"
"000","M"
"020","M"
"012","M"
"001","M"
"004","M"
"010","M"
"005","M"
"000","M"
"020","M"
"001","M"
"035","M"
"004","M"
"004","M"
"005","M"
"001","M"
"007","M"
"012","M"
"010","M"
"005","M"
"125","M"
"002","M"
"002","M"
"001","M"
"002","M"
"004","M"
"010","M"
"020","M"
"000","M"
"020","M"
"001","M"
"003","M"
"003","M"
"005","M"
"005","M"
"000","M"
"002","M"
"001","M"
"012","M"
"000","M"
"013","M"
"001","M"
"003","M"
"010","M"
"005","M"
"004","M"
"002","M"
"004","M"
"003","M"
"001","M"
"020","M"
"000","M"
"001","M"
"001","M"
"025","M"
"003","M"
"000","M"
"007","M"
"019","M"
"002","M"
"001","M"
"010","M"
"012","M"
"020","M"
"003","M"
"001","M"
"005","M"
"004","M"
"000","M"
"000","M"
"004","M"
"010","M"
"020","M"
"002","M"
"000","M"
"030","M"
"004","M"
"010","M"
"002","M"
"004","M"
"025","M"
"001","M"
"015","M"
"100","M"
"020","M"
"001","M"
"001","M"
"002","M"
"006","M"
"001","M"
"006","M"
"010","M"
"015","M"
"001","M"
"002","M"
"024","M"
"000","M"
"025","M"
"025","M"
"050","M"
"000","M"
"012","M"
"033","M"
"010","M"
"004","M"
"018","M"
"004","M"
"040","M"
"001","M"
"008","M"
"020","M"
"001","M"
"130","M"
"000","M"
"001","M"
"004","M"
"001","M"
"007","M"
"004","M"
"001","M"
"015","M"
"014","M"
"001","M"
"001","M"
"000","M"
"040","M"
"001","M"
"005","M"
"010","M"
"020","M"
"000","M"
"001","M"
"002","M"
"022","M"
"000","M"
"002","M"
"003","M"
"024","M"
"002","M"
"000","M"
"040","M"
"003","M"
"002","M"
"003","M"
"006","M"
"006","M"
"000","M"
"003","M"
"005","M"
"002","M"
"008","M"
"001","M"
"004","M"
"008","M"
"000","M"
"001","M"
"003","M"
"100","M"
"004","M"
"004","M"
"003","M"
"010","M"
"010","M"
"012","M"
"002","M"
"002","M"
"004","M"
"020","M"
"000","M"
"003","M"
"001","M"
"035","M"
"005","M"
"001","M"
"000","M"
"001","M"
"008","M"
"004","M"
"001","M"
"100","M"
"040","M"
"001","M"
"004","M"
"075","M"
"006","M"
"100","M"
"004","M"
"001","M"
"025","M"
"100","M"
"020","M"
"008","M"
"005","M"
"009","M"
"005","M"
"020","M"
"010","M"
"004","M"
"175","M"
"001","M"
"001","M"
"010","M"
"006","M"
"004","M"
"005","M"
"004","M"
"012","M"
"004","M"
"001","M"
"005","M"
"012","M"
"001","M"
"005","M"
"008","M"
"130","M"
"001","M"
"005","M"
"003","M"
"001","M"
"010","M"
"001","M"
"006","M"
"001","M"
"003","M"
"050","M"
"001","M"
"005","M"
"006","M"
"003","M"
"005","M"
"003","M"
"015","M"
"007","M"
"000","M"
"015","M"
"001","M"
"004","M"
"020","M"
"002","M"
"010","M"
"007","M"
"020","M"
"040","M"
"010","M"
"004","M"
"006","M"
"040","M"
"003","M"
"020","M"
"010","M"
"000","M"
"001","M"
"005","M"
"010","M"
"000","M"
"012","M"
"000","M"
"001","M"
"008","M"
"005","M"
"008","M"
"000","M"
"000","M"
"005","M"
"003","M"
"004","M"
"000","M"
"002","M"
"020","M"
"001","M"
"001","M"
"012","M"
"001","M"
"005","M"
"007","M"
"005","M"
"010","M"
"015","M"
"003","M"
"020","M"
"001","M"
"004","M"
"000","M"
"001","M"
"002","M"
"003","M"
"001","M"
"100","M"
"001","M"
"020","M"
"050","M"
"001","M"
"006","M"
"002","M"
"000","M"
"002","M"
"002","M"
"014","M"
"000","M"
"030","M"
"000","M"
"020","M"
"001","M"
"010","M"
"002","M"
"003","M"
"035","M"
"002","M"
"001","M"
"010","M"
"003","M"
"010","M"
"001","M"
"005","M"
"001","M"
"010","M"
"000","M"
"002","M"
"001","M"
"040","M"
"000","M"
"005","M"
"004","M"
"000","M"
"004","M"
"007","M"
"050","M"
"010","M"
"003","M"
"006","M"
"003","M"
"001","M"
"006","M"
"005","M"
"001","M"
"100","M"
"003","M"
"040","M"
"015","M"
"001","M"
"002","M"
"005","M"
"010","M"
"050","M"
"003","M"
"001","M"
"001","M"
"001","M"
"002","M"
"005","M"
"001","M"
"003","M"
"001","M"
"005","M"
"020","M"
"001","M"
"200","M"
"004","M"
"000","M"
"005","M"
"003","M"
"001","M"
"005","M"
"010","M"
"003","M"
"000","M"
"010","M"
"005","M"
"001","M"
"001","M"
"002","M"
"001","M"
"006","M"
"045","M"
"006","M"
"015","M"
"006","M"
"001","M"
"000","M"
"002","M"
"014","M"
"008","M"
"001","M"
"020","M"
"007","M"
"001","M"
"001","M"
"004","M"
"001","M"
"009","M"
"010","M"
"100","M"
"001","M"
"145","M"
"004","M"
"011","M"
"016","M"
"001","M"
"010","M"
"005","M"
"010","M"
"002","M"
"001","M"
"030","M"
"002","M"
"004","M"
"010","M"
"050","M"
"005","M"
"003","M"
"001","M"
"000","M"
"001","M"
"025","M"
"000","M"
"001","M"
"006","M"
"013","M"
"004","M"
"001","M"
"000","M"
"020","M"
"001","M"
"015","M"
"000","M"
"003","M"
"003","M"
"050","M"
"001","M"
"030","M"
"004","M"
"030","M"
"005","M"
"002","M"
"050","M"
"006","M"
"005","M"
"003","M"
"002","M"
"001","M"
"020","M"
"006","M"
"001","M"
"001","M"
"008","M"
"012","M"
"030","M"
"001","M"
"001","M"
"010","M"
"050","M"
"001","M"
"001","M"
"000","M"
"007","M"
"050","M"
"001","M"
"006","M"
"005","M"
"005","M"
"003","M"
"001","M"
"017","M"
"020","M"
"001","M"
"012","M"
"003","M"
"001","M"
"000","M"
"030","M"
"001","M"
"002","M"
"000","M"
"030","M"
"012","M"
"005","M"
"010","M"
"003","M"
"002","M"
"006","M"
"005","M"
"001","M"
"020","M"
"015","M"
"100","M"
"003","M"
"050","M"
"000","M"
"005","M"
"005","M"
"001","M"
"001","M"
"003","M"
"025","M"
"008","M"
"001","M"
"005","M"
"003","M"
"020","M"
"004","M"
"003","M"
"000","M"
"006","M"
"006","M"
"004","M"
"003","M"
"003","M"
"001","M"
"010","M"
"005","M"
"001","M"
"001","M"
"008","M"
"253","M"
"012","M"
"000","M"
"003","M"
"040","M"
"005","M"
"001","M"
"000","M"
"005","M"
"056","M"
"001","M"
"020","M"
"007","M"
"002","M"
"006","M"
"012","M"
"011","M"
"001","M"
"001","M"
"012","M"
"001","M"
"001","M"
"001","M"
"200","M"
"003","M"
"034","M"
"003","M"
"003","M"
"003","M"
"005","M"
"004","M"
"002","M"
"001","M"
"006","M"
"014","M"
"001","M"
"005","M"
"050","M"
"001","M"
"001","M"
"015","M"
"010","M"
"001","M"
"000","M"
"050","M"
"100","M"
"004","M"
"020","M"
"068","M"
"050","M"
"002","M"
"100","M"
"004","M"
"006","M"
"010","M"
"004","M"
"050","M"
"008","M"
"003","M"
"001","M"
"020","M"
"001","M"
"004","M"
"050","M"
"025","M"
"006","M"
"002","M"
"050","M"
"003","M"
"010","M"
"005","M"
"015","M"
"001","M"
"001","M"
"001","M"
"001","M"
"004","M"
"001","M"
"015","M"
"015","M"
"001","M"
"025","M"
"003","M"
"006","M"
"001","M"
"004","M"
"012","M"
"000","M"
"001","M"
"004","M"
"006","M"
"003","M"
"000","M"
"004","M"
"004","M"
"002","M"
"000","M"
"004","M"
"006","M"
"001","M"
"004","M"
"005","M"
"004","M"
"010","M"
"020","M"
"010","M"
"002","M"
"006","M"
"004","M"
"004","M"
"003","M"
"002","M"
"003","M"
"005","M"
"020","M"
"001","M"
"075","M"
"005","M"
"004","M"
"020","M"
"002","M"
"005","M"
"001","M"
"005","M"
"005","M"
"003","M"
"008","M"
"020","M"
"001","M"
"009","M"
"006","M"
"002","M"
"001","M"
"003","M"
"001","M"
"000","M"
"030","M"
"005","M"
"003","M"
"010","M"
"002","M"
"001","M"
"004","M"
"007","M"
"004","M"
"010","M"
"001","M"
"020","M"
"005","M"
"000","M"
"125","M"
"010","M"
"020","M"
"001","M"
"020","M"
"004","M"
"012","M"
"010","M"
"010","M"
"004","M"
"008","M"
"004","M"
"003","M"
"004","M"
"002","M"
"001","M"
"090","M"
"003","M"
"010","M"
"001","M"
"002","M"
"001","M"
"010","M"
"006","M"
"004","M"
"005","M"
"010","M"
"007","M"
"001","M"
"014","M"
"050","M"
"000","M"
"000","M"
"006","M"
"020","M"
"020","M"
"017","M"
"001","M"
"002","M"
"001","M"
"006","M"
"006","M"
"028","M"
"015","M"
"004","M"
"003","M"
"006","M"
"004","M"
"068","M"
"004","M"
"003","M"
"001","M"
"003","M"
"000","M"
"002","M"
"001","M"
"010","M"
"006","M"
"001","M"
"020","M"
"020","M"
"005","M"
"002","M"
"011","M"
"008","M"
"006","M"
"004","M"
"012","M"
"003","M"
"001","M"
"010","M"
"002","M"
"001","M"
"002","M"
"040","M"
"004","M"
"002","M"
"002","M"
"004","M"
"002","M"
"100","M"
"003","M"
"005","M"
"002","M"
"003","M"
"004","M"
"001","M"
"001","M"
"010","M"
"001","M"
"000","M"
"001","M"
"000","M"
"010","M"
"004","M"
"001","M"
"005","M"
"008","M"
"004","M"
"000","M"
"010","M"
"001","M"
"003","M"
"000","M"
"040","M"
"020","M"
"005","M"
"005","M"
"100","M"
"004","M"
"004","M"
"003","M"
"006","M"
"006","M"
"004","M"
"002","M"
"006","M"
"001","M"
"001","M"
"000","M"
"004","M"
"070","M"
"011","M"
"000","M"
"003","M"
"005","M"
"001","M"
"015","M"
"006","M"
"006","M"
"100","M"
"030","M"
"001","M"
"040","M"
"200","M"
"000","M"
"002","M"
"000","M"
"001","M"
"004","M"
"015","M"
"002","M"
"000","M"
"000","M"
"001","M"
"004","M"
"002","M"
"007","M"
"020","M"
"165","M"
"002","M"
"001","M"
"025","M"
"020","M"
"005","M"
"001","M"
"001","M"
"020","M"
"003","M"
"075","M"
"010","M"
"006","M"
"001","M"
"005","M"
"003","M"
"000","M"
"004","M"
"003","M"
"005","M"
"010","M"
"075","M"
"010","M"
"004","M"
"000","M"
"000","M"
"005","M"
"025","M"
"030","M"
"004","M"
"008","M"
"003","M"
"003","M"
"012","M"
"018","M"
"010","M"
"003","M"
"006","M"
"000","M"
"020","M"
"002","M"
"001","M"
"006","M"
"020","M"
"006","M"
"001","M"
"003","M"
"002","M"
"001","M"
"030","M"
"050","M"
"008","M"
"001","M"
"000","M"
"100","M"
"020","M"
"010","M"
"003","M"
"001","M"
"015","M"
"002","M"
"006","M"
"003","M"
"050","M"
"050","M"
"002","M"
"002","M"
"001","M"
"002","M"
"007","M"
"006","M"
"006","M"
"006","M"
"003","M"
"006","M"
"006","M"
"005","M"
"003","M"
"002","M"
"002","M"
"000","M"
"040","M"
"025","M"
"001","M"
"000","M"
"002","M"
"000","M"
"020","M"
"002","M"
"001","M"
"002","M"
"015","M"
"000","M"
"001","M"
"004","M"
"009","M"
"001","M"
"005","M"
"001","M"
"006","M"
"006","M"
"030","M"
"002","M"
"002","M"
"006","M"
"001","M"
"002","M"
"020","M"
"012","M"
"003","M"
"020","M"
"002","M"
"020","M"
"000","M"
"030","M"
"005","M"
"000","M"
"004","M"
"003","M"
"002","M"
"025","M"
"005","M"
"005","M"
"002","M"
"004","M"
"001","M"
"001","M"
"045","M"
"100","M"
"009","M"
"001","M"
"002","M"
"007","M"
